"Date","Category","L","S","A","Real.estate","Private.businesses","Liabilities","C","Fixed.income","Mkt_RF"
1989-07-01,"Bottom50",23943,0.0140452041696242,1704710,825615,40285,986854,170029,28265,0.0788645767759999
1989-07-01,"Next40",359532,0.04062636550915,8849721,3425341,603924,1554872,1235401,360490,0.0788645767759999
1989-07-01,"Next9",811430,0.098391085132061,8246987,2023854,1015740,481148,1269414,1031992,0.0788645767759999
1989-07-01,"RemainingTop1",590198,0.19745416418259,2989038,479105,723594,84766,475336,559387,0.0788645767759999
1989-07-01,"TopPt1",305340,0.16941685623925,1802300,139254,586079,45133,168930,700540,0.0788645767759999
1989-10-01,"Bottom50",25380,0.0147085840061245,1725523,823713,40854,1014945,173920,29099,-0.01499205928
1989-10-01,"Next40",375403,0.0416333587671124,9016880,3445928,605956,1579024,1262838,368641,-0.01499205928
1989-10-01,"Next9",830446,0.0989884404260034,8389323,2070660,1025901,499087,1286315,1051246,-0.01499205928
1989-10-01,"RemainingTop1",602047,0.196933829184035,3057103,500960,730771,90667,477040,581306,-0.01499205928
1989-10-01,"TopPt1",318828,0.17172070797871,1856666,153056,593345,43820,177172,714532,-0.01499205928
1990-01-01,"Bottom50",24686,0.0139410563148422,1770741,850396,41428,1037002,175447,29858,-0.0506120268799999
1990-01-01,"Next40",370599,0.040648936911166,9117065,3447508,607039,1593883,1276776,376940,-0.0506120268799999
1990-01-01,"Next9",784016,0.093494679915451,8385675,2048825,1033473,521224,1294546,1078554,-0.0506120268799999
1990-01-01,"RemainingTop1",567223,0.186209744690923,3046151,503412,736264,96016,474627,593169,-0.0506120268799999
1990-01-01,"TopPt1",286986,0.156081351175698,1838695,162843,598192,42263,182734,722393,-0.0506120268799999
1990-04-01,"Bottom50",26295,0.0148506715417759,1770627,833235,41992,1058187,176522,30900,0.036445764032
1990-04-01,"Next40",388205,0.0419425752820094,9255631,3470775,608828,1614022,1285252,387036,0.036445764032
1990-04-01,"Next9",806964,0.0949767755535116,8496435,2085198,1044365,543479,1289644,1102925,0.036445764032
1990-04-01,"RemainingTop1",581304,0.187295987163563,3103665,521880,743389,100743,463852,628400,0.036445764032
1990-04-01,"TopPt1",303669,0.161416163463174,1881280,174074,606975,41181,177646,738032,0.036445764032
1990-07-01,"Bottom50",22828,0.0125198261659321,1823348,876455,42551,1079555,178766,31978,-0.17215046308
1990-07-01,"Next40",355926,0.0380979273201591,9342398,3501193,610686,1631612,1303260,398275,-0.17215046308
1990-07-01,"Next9",677721,0.0805742529903214,8411136,2071643,1056319,559351,1300821,1135138,-0.17215046308
1990-07-01,"RemainingTop1",487031,0.159731995299521,3049051,526606,750884,105207,462312,665782,-0.17215046308
1990-07-01,"TopPt1",217487,0.119649622957376,1817699,186829,617257,39630,184198,754663,-0.17215046308
1990-10-01,"Bottom50",26163,0.0139632663038199,1873702,905249,43126,1105162,182393,33655,0.0687405876799998
1990-10-01,"Next40",390954,0.0412934372782923,9467703,3462196,610833,1646883,1328522,425632,0.0687405876799998
1990-10-01,"Next9",750869,0.0877299530416818,8558867,2052962,1062866,572966,1314705,1196626,0.0687405876799998
1990-10-01,"RemainingTop1",536248,0.170709648624911,3141287,528840,755118,111812,461283,711633,0.0687405876799998
1990-10-01,"TopPt1",267979,0.140625549361599,1905621,197149,622288,37980,190132,804434,0.0687405876799998
1991-01-01,"Bottom50",30832,0.0162753807943961,1894395,901688,43739,1116236,184770,34034,0.152021888126
1991-01-01,"Next40",437744,0.0455894054081076,9601880,3437090,608072,1644862,1348854,420123,0.152021888126
1991-01-01,"Next9",861448,0.0988675737247723,8713150,2062344,1059504,581255,1333373,1163464,0.152021888126
1991-01-01,"RemainingTop1",611776,0.188553915344046,3244568,538794,753567,117427,464095,715974,0.152021888126
1991-01-01,"TopPt1",345614,0.173634629461327,1990467,207487,617531,35899,202997,779028,0.152021888126
1991-04-01,"Bottom50",31465,0.0164139839944746,1916963,914333,44338,1135382,182589,35120,-0.017367137488
1991-04-01,"Next40",445926,0.0459960024284968,9694886,3451999,606487,1660809,1337248,428902,-0.017367137488
1991-04-01,"Next9",852207,0.0976689942227694,8725461,2068079,1061089,601600,1310850,1174946,-0.017367137488
1991-04-01,"RemainingTop1",601945,0.184640721354761,3260088,549423,754583,121894,443289,759940,-0.017367137488
1991-04-01,"TopPt1",341274,0.172140214422444,1982535,218977,618490,34643,189657,786815,-0.017367137488
1991-07-01,"Bottom50",34239,0.0173517180425636,1973234,955655,44960,1138345,182513,35879,0.049624999488
1991-07-01,"Next40",474016,0.0481432369363572,9845952,3483783,603633,1668213,1339414,433316,0.049624999488
1991-07-01,"Next9",904688,0.102716441411114,8807626,2048028,1058615,622408,1303575,1200672,0.049624999488
1991-07-01,"RemainingTop1",635697,0.191805460009414,3314280,551768,753118,126058,430621,793539,0.049624999488
1991-07-01,"TopPt1",380113,0.188894233779554,2012306,231156,615830,34107,185292,790366,0.049624999488
1991-10-01,"Bottom50",40436,0.0200572511605736,2016029,977474,45616,1160450,184213,36650,0.0756420646999998
1991-10-01,"Next40",532619,0.0531665882572313,10017927,3489994,599117,1691607,1352748,442656,0.0756420646999998
1991-10-01,"Next9",1055871,0.117042779041462,9021240,2057150,1050492,649728,1307148,1230925,0.0756420646999998
1991-10-01,"RemainingTop1",739351,0.214849733250766,3441247,561511,748299,131664,423458,814358,0.0756420646999998
1991-10-01,"TopPt1",489087,0.230230962015354,2124332,244455,607969,33780,186577,796828,0.0756420646999998
1992-01-01,"Bottom50",40660,0.0200763850656581,2025265,981407,46268,1151671,177246,37355,-0.0217918814200001
1992-01-01,"Next40",537106,0.0533291313902524,10071531,3498428,595404,1692761,1314881,442207,-0.0217918814200001
1992-01-01,"Next9",1032123,0.114608041127835,9005677,2081607,1045876,671666,1272588,1213998,-0.0217918814200001
1992-01-01,"RemainingTop1",718433,0.208521290891835,3445370,576260,745269,133557,398034,869719,-0.0217918814200001
1992-01-01,"TopPt1",475363,0.226043643038179,2102970,256844,604289,33373,173872,791834,-0.0217918814200001
1992-04-01,"Bottom50",41655,0.0203886545984235,2043048,982454,46914,1154073,176410,37831,-0.00969193191000017
1992-04-01,"Next40",548517,0.0539262712589256,10171610,3513137,592281,1702404,1311414,438828,-0.00969193191000017
1992-04-01,"Next9",1030261,0.113452135712963,9081019,2095413,1044034,695644,1257697,1193910,-0.00969193191000017
1992-04-01,"RemainingTop1",712824,0.207959917133914,3427699,588907,743622,137210,380462,891303,-0.00969193191000017
1992-04-01,"TopPt1",477586,0.228583216350114,2089331,268143,603995,33112,165043,769216,-0.00969193191000017
1992-07-01,"Bottom50",44226,0.020755312019553,2130828,1052111,47532,1175812,177004,38389,0.025156254284
1992-07-01,"Next40",573870,0.0554857529328785,10342655,3565371,590533,1720924,1317254,435464,0.025156254284
1992-07-01,"Next9",1073443,0.116470825791081,9216411,2075162,1048045,716067,1252773,1193824,0.025156254284
1992-07-01,"RemainingTop1",738991,0.213879656352853,3455172,590069,745077,142335,368107,934730,0.025156254284
1992-07-01,"TopPt1",512047,0.242252075157485,2113695,281275,610194,32087,161793,763475,0.025156254284
1992-10-01,"Bottom50",49300,0.0224935849938131,2191736,1082563,48704,1222921,178678,39940,0.0681182208840001
1992-10-01,"Next40",608899,0.058020208865472,10494602,3608661,589088,1741856,1322131,432311,0.0681182208840001
1992-10-01,"Next9",1194130,0.126932061854892,9407631,2088741,1030061,715396,1249466,1155527,0.0681182208840001
1992-10-01,"RemainingTop1",858780,0.239093472746524,3591817,591907,759768,144369,376678,909482,0.0681182208840001
1992-10-01,"TopPt1",601236,0.267920094007051,2244087,280331,602656,32034,167338,843154,0.0681182208840001
1993-01-01,"Bottom50",51395,0.0237216743038811,2166584,1033730,49779,1244827,174507,42118,0.0339550189120001
1993-01-01,"Next40",617778,0.0586264133639578,10537537,3599347,591875,1734697,1293189,449829,0.0339550189120001
1993-01-01,"Next9",1228308,0.128977005743183,9523465,2153152,1028711,705462,1223485,1142446,0.0339550189120001
1993-01-01,"RemainingTop1",917127,0.249379560505597,3677635,608597,784454,145631,375155,887196,0.0339550189120001
1993-01-01,"TopPt1",629328,0.267742979876988,2350493,275279,613053,31568,166133,930799,0.0339550189120001
1993-04-01,"Bottom50",52654,0.02360575246194,2230558,1073691,50876,1292847,173947,43478,0.000511105649999788
1993-04-01,"Next40",619387,0.058109722540422,10658922,3669780,594197,1752725,1284865,452748,0.000511105649999788
1993-04-01,"Next9",1238223,0.129286395579577,9577365,2156426,1025771,703066,1210575,1109414,0.000511105649999788
1993-04-01,"RemainingTop1",958054,0.256732896268874,3731715,609310,809008,147734,379342,851269,0.000511105649999788
1993-04-01,"TopPt1",640544,0.266567787422943,2402931,270880,622875,31210,168672,993866,0.000511105649999788
1993-07-01,"Bottom50",55299,0.0240412874190059,2300168,1117396,51946,1352306,174237,44570,0.0324331117759999
1993-07-01,"Next40",632905,0.0585157007414765,10815986,3755157,597412,1776470,1282035,450212,0.0324331117759999
1993-07-01,"Next9",1288326,0.133249418474163,9668530,2149519,1026796,701412,1203513,1051018,0.0324331117759999
1993-07-01,"RemainingTop1",1027952,0.268506807801271,3828402,606646,836440,151887,386794,834217,0.0324331117759999
1993-07-01,"TopPt1",680474,0.273845268493311,2484885,267301,637821,30874,174567,1046062,0.0324331117759999
1993-10-01,"Bottom50",57936,0.024627941082701,2352450,1142108,53058,1409459,173741,46950,0.0116558285899999
1993-10-01,"Next40",646261,0.0590057385014267,10952511,3820188,599619,1806316,1275220,472042,0.0116558285899999
1993-10-01,"Next9",1338149,0.136813943735038,9780794,2168871,1023972,703642,1195945,1035345,0.0116558285899999
1993-10-01,"RemainingTop1",1097758,0.278471559325362,3942083,611269,862536,155022,394680,845390,0.0116558285899999
1993-10-01,"TopPt1",720583,0.277494709723134,2596745,264306,649959,31073,181813,1138733,0.0116558285899999
1994-01-01,"Bottom50",56384,0.023963252719156,2352936,1122111,54110,1448994,172409,49724,-0.0455500743850001
1994-01-01,"Next40",623803,0.0566216772480073,11017035,3865865,603164,1808899,1263561,488848,-0.0455500743850001
1994-01-01,"Next9",1266975,0.129397151592827,9791367,2212800,1027186,691081,1185318,1042701,-0.0455500743850001
1994-01-01,"RemainingTop1",1079603,0.271350848936718,3978624,623296,892530,157578,401348,866741,-0.0455500743850001
1994-01-01,"TopPt1",675736,0.255427884117443,2645506,258297,669414,30277,188446,1246648,-0.0455500743850001
1994-04-01,"Bottom50",55741,0.0233346910804388,2388761,1136411,55122,1501445,169650,52678,-0.0181447989760002
1994-04-01,"Next40",609156,0.0547665045010314,11122784,3941517,607321,1836065,1242043,505358,-0.0181447989760002
1994-04-01,"Next9",1222498,0.124634443266462,9808669,2230995,1033582,692836,1162061,1044196,-0.0181447989760002
1994-04-01,"RemainingTop1",1080369,0.267970725764125,4031668,628411,924808,159982,400816,897809,-0.0181447989760002
1994-04-01,"TopPt1",650242,0.240615509631955,2702411,253129,693311,30640,187782,1358499,-0.0181447989760002
1994-07-01,"Bottom50",57073,0.0231231788465839,2468216,1188469,56215,1557067,170074,54306,0.045148273008
1994-07-01,"Next40",611430,0.0542433538739423,11271980,4018768,609730,1865469,1240632,503860,0.045148273008
1994-07-01,"Next9",1234740,0.125045509439886,9874325,2215724,1032835,693660,1158882,1016130,0.045148273008
1994-07-01,"RemainingTop1",1122453,0.272913540287859,4112852,622872,954058,162318,411288,895819,0.045148273008
1994-07-01,"TopPt1",665072,0.239626813535396,2775449,247809,711145,30864,197713,1428232,0.045148273008
1994-10-01,"Bottom50",56868,0.0224502638304726,2533066,1232402,57323,1620853,170313,58588,-0.01897920883
1994-10-01,"Next40",600615,0.0529562675563144,11341717,4049979,611828,1907232,1238660,540534,-0.01897920883
1994-10-01,"Next9",1203146,0.121621446769831,9892548,2214378,1031064,702854,1157580,1040839,-0.01897920883
1994-10-01,"RemainingTop1",1132084,0.270364688215267,4187248,621614,983488,165834,423389,953364,-0.01897920883
1994-10-01,"TopPt1",649457,0.226279653481767,2870152,243426,729194,31845,209937,1588584,-0.01897920883
1995-01-01,"Bottom50",60160,0.0231836607601512,2594931,1261464,58505,1657442,172094,59233,0.0780568794600001
1995-01-01,"Next40",619583,0.0539990176022802,11473968,4078305,612726,1910408,1245817,529677,0.0780568794600001
1995-01-01,"Next9",1271188,0.126779866704353,10026734,2216394,1024133,690050,1163541,988760,0.0780568794600001
1995-01-01,"RemainingTop1",1215329,0.282280225363549,4305399,621902,1011112,167455,439344,924301,0.0780568794600001
1995-01-01,"TopPt1",704574,0.236856914453377,2974682,237138,743263,31221,225683,1620821,0.0780568794600001
1995-04-01,"Bottom50",63662,0.0235242645942118,2706227,1341581,59685,1720012,174943,59786,0.0792912636799998
1995-04-01,"Next40",640187,0.0547603978652078,11690693,4147901,613749,1938109,1259721,509092,0.0792912636799998
1995-04-01,"Next9",1345150,0.133220456854607,10097173,2176051,1017977,685950,1176826,949540,0.0792912636799998
1995-04-01,"RemainingTop1",1303086,0.292753580209636,4451136,610949,1039900,171340,459663,900665,0.0792912636799998
1995-04-01,"TopPt1",764722,0.248103749610271,3082267,231825,759448,31096,246093,1661165,0.0792912636799998
1995-07-01,"Bottom50",67992,0.0242089679143585,2808546,1415165,60775,1784551,174839,61418,0.07784226608
1995-07-01,"Next40",667592,0.0567564683893034,11762395,4070592,615979,1975321,1254955,514150,0.07784226608
1995-07-01,"Next9",1442693,0.142207616636292,10144977,2111975,1017816,692219,1171047,916717,0.07784226608
1995-07-01,"RemainingTop1",1408410,0.305541556849439,4609553,591584,1072224,175297,469655,900125,0.07784226608
1995-07-01,"TopPt1",842688,0.261493123101495,3222601,223821,783136,31743,256750,1730497,0.07784226608
1995-10-01,"Bottom50",73923,0.0262104187150112,2820367,1404586,63660,1802769,178239,61225,0.0345506212160001
1995-10-01,"Next40",725903,0.0604923552362421,11999913,4107318,627875,2020777,1281463,549755,0.0345506212160001
1995-10-01,"Next9",1566977,0.150127030217652,10437674,2144225,1047109,713359,1180144,955401,0.0345506212160001
1995-10-01,"RemainingTop1",1476268,0.311915238688047,4732914,606601,1069533,180625,474538,937372,0.0345506212160001
1995-10-01,"TopPt1",922683,0.27696154945237,3331448,226519,788355,34928,258215,1767290,0.0345506212160001
1996-01-01,"Bottom50",77804,0.0275517134655795,2823926,1384948,66644,1813624,184219,58491,0.0438684642920002
1996-01-01,"Next40",766954,0.0627015029969355,12231828,4163428,638493,2046246,1325253,541167,0.0438684642920002
1996-01-01,"Next9",1632757,0.152970892324037,10673645,2189690,1070187,736967,1209597,958364,0.0438684642920002
1996-01-01,"RemainingTop1",1501530,0.312730208259786,4801359,624485,1063950,185496,490909,931501,0.0438684642920002
1996-01-01,"TopPt1",961548,0.285518647015017,3367724,228111,787550,36961,271934,1724461,0.0438684642920002
1996-04-01,"Bottom50",81947,0.028821463227285,2843263,1391176,69563,1826423,185487,58347,0.0328812063919999
1996-04-01,"Next40",810177,0.065075382999421,12449823,4237267,649975,2092002,1337683,560208,0.0328812063919999
1996-04-01,"Next9",1706260,0.157078671442137,10862455,2207686,1097210,766534,1199166,988381,0.0328812063919999
1996-04-01,"RemainingTop1",1533032,0.314255826782032,4878293,634616,1060255,189738,483794,989149,0.0328812063919999
1996-04-01,"TopPt1",1006648,0.294847675644359,3414129,230063,791119,40724,259899,1752227,0.0328812063919999
1996-07-01,"Bottom50",83743,0.0292068432383907,2867239,1398912,72511,1838733,188587,56304,0.0148681789080001
1996-07-01,"Next40",833434,0.0660022416405521,12627359,4282671,661165,2137085,1363194,544332,0.0148681789080001
1996-07-01,"Next9",1713874,0.155575527895045,11016347,2241320,1122650,796500,1207050,1008252,0.0148681789080001
1996-07-01,"RemainingTop1",1516659,0.309027863383457,4907839,649646,1055860,193322,487458,1012974,0.0148681789080001
1996-07-01,"TopPt1",1004796,0.294664867233125,3409962,235544,793198,44361,259877,1734636,0.0148681789080001
1996-10-01,"Bottom50",88450,0.0307060694911853,2880538,1385684,75194,1855951,190586,55057,0.05352410625
1996-10-01,"Next40",881347,0.0686488961732443,12838473,4277893,675642,2181107,1382808,554826,0.05352410625
1996-10-01,"Next9",1803589,0.159197887022654,11329227,2310608,1163427,824821,1212320,1080077,0.05352410625
1996-10-01,"RemainingTop1",1561076,0.310967102437656,5020068,673135,1058998,197245,490154,1031736,0.05352410625
1996-10-01,"TopPt1",1062540,0.301967417734383,3518724,241785,811705,47344,259737,1760220,0.05352410625
1997-01-01,"Bottom50",90719,0.0314546224276843,2884123,1376146,77784,1844087,193294,49785,-0.00787508838399997
1997-01-01,"Next40",908446,0.0701314079000991,12953483,4298188,691362,2197324,1407530,482461,-0.00787508838399997
1997-01-01,"Next9",1825386,0.159009475047804,11479731,2353976,1209620,844135,1224415,1033238,-0.00787508838399997
1997-01-01,"RemainingTop1",1556185,0.308984134875794,5036456,689820,1065052,200634,496725,987135,-0.00787508838399997
1997-01-01,"TopPt1",1071446,0.306689458911273,3493586,245457,836211,50663,264045,1618788,-0.00787508838399997
1997-04-01,"Bottom50",102873,0.035069794936147,2933379,1395824,80539,1855644,195695,48293,0.15594609572
1997-04-01,"Next40",1019949,0.0764934747803403,13333804,4371847,705189,2238303,1428297,490494,0.15594609572
1997-04-01,"Next9",2122501,0.17678197815817,12006320,2376471,1246582,873574,1222365,1063102,0.15594609572
1997-04-01,"RemainingTop1",1752298,0.331202180421568,5290720,702088,1066793,205126,493708,1009440,0.15594609572
1997-04-01,"TopPt1",1280762,0.346115970666828,3700384,248939,850870,54377,254709,1604548,0.15594609572
1997-07-01,"Bottom50",110697,0.0370660070725331,2986483,1421180,83225,1878812,199089,46782,0.0840569948599996
1997-07-01,"Next40",1094529,0.0802071803932972,13646272,4420895,720054,2287434,1457173,496200,0.0840569948599996
1997-07-01,"Next9",2298686,0.185310847598937,12404487,2403584,1287967,911768,1235276,1073987,0.0840569948599996
1997-07-01,"RemainingTop1",1859958,0.34013011550787,5468372,713505,1070968,208937,499878,1041143,0.0840569948599996
1997-07-01,"TopPt1",1402893,0.366011839024952,3832917,254155,870204,57065,256965,1578255,0.0840569948599996
1997-10-01,"Bottom50",114095,0.0382902792124677,2979738,1397581,85613,1882504,203476,45161,0.00394095854000009
1997-10-01,"Next40",1131479,0.0819249439185656,13811166,4442002,739014,2333522,1492489,498153,0.00394095854000009
1997-10-01,"Next9",2350670,0.185488004122184,12672895,2490385,1347504,944732,1253985,1135972,0.00394095854000009
1997-10-01,"RemainingTop1",1877938,0.337320541074263,5567221,741819,1084661,212091,508933,1079838,0.00394095854000009
1997-10-01,"TopPt1",1433817,0.365277170957013,3925285,258501,909118,62219,261822,1579263,0.00394095854000009
1998-01-01,"Bottom50",127993,0.0421813011929393,3034354,1417323,88540,1872660,205119,43914,0.12292814942
1998-01-01,"Next40",1257807,0.0883553272107324,14235780,4519011,751235,2356935,1512570,518022,0.12292814942
1998-01-01,"Next9",2696449,0.202700976764308,13302595,2540174,1376031,972825,1267472,1173234,0.12292814942
1998-01-01,"RemainingTop1",2107737,0.35932208533055,5865871,759853,1082783,214374,516925,1093444,0.12292814942
1998-01-01,"TopPt1",1681139,0.402871727477055,4172889,263308,913860,65869,269179,1547466,0.12292814942
1998-04-01,"Bottom50",131716,0.043070680963829,3058136,1427640,91203,1901822,206218,44210,0.00762230295800026
1998-04-01,"Next40",1297703,0.0894235300003294,14511874,4636467,767243,2413794,1527621,568416,0.00762230295800026
1998-04-01,"Next9",2756493,0.202554463333654,13608651,2616608,1421222,1009333,1266698,1247828,0.00762230295800026
1998-04-01,"RemainingTop1",2131959,0.355499154089169,5997086,786758,1089695,219384,515494,1180263,0.00762230295800026
1998-04-01,"TopPt1",1716828,0.403565554473997,4254149,270571,936270,69410,262482,1590224,0.00762230295800026
1998-07-01,"Bottom50",121758,0.0388091242463795,3137355,1520793,94099,1921110,208500,42565,-0.13010840421
1998-07-01,"Next40",1220416,0.0839097353749635,14544391,4746551,780512,2465349,1552248,591382,-0.13010840421
1998-07-01,"Next9",2437357,0.181924285947269,13397645,2624836,1453737,1041592,1286552,1374794,-0.13010840421
1998-07-01,"RemainingTop1",1884439,0.32440710079463,5808871,793673,1090243,222801,527107,1235981,-0.13010840421
1998-07-01,"TopPt1",1471319,0.364950654288319,4031556,283404,944014,73287,274098,1619519,-0.13010840421
1998-10-01,"Bottom50",136651,0.043004874794261,3177570,1510484,91421,1963522,217049,39835,0.20452317689
1998-10-01,"Next40",1393179,0.0926948294108653,15029738,4785840,790682,2539029,1595020,549229,0.20452317689
1998-10-01,"Next9",2924056,0.20523525166596,14247338,2760223,1450924,1058411,1340981,1327363,0.20452317689
1998-10-01,"RemainingTop1",2196966,0.350408390791948,6269730,837852,1109724,232709,555662,1221542,0.20452317689
1998-10-01,"TopPt1",1760496,0.404646608591721,4350700,298411,942049,70014,306805,1548490,0.20452317689
1999-01-01,"Bottom50",135599,0.041777529931541,3245740,1570603,89180,1987715,217783,39688,0.027121949568
1999-01-01,"Next40",1427229,0.0937184317400648,15228904,4844661,795112,2586756,1590348,557581,0.027121949568
1999-01-01,"Next9",2964231,0.206139745736286,14379716,2808702,1423655,1065056,1358076,1278295,0.027121949568
1999-01-01,"RemainingTop1",2191245,0.345652279874797,6339449,857420,1116117,242542,565863,1222108,0.027121949568
1999-01-01,"TopPt1",1721916,0.402212792158664,4281107,307951,912454,65336,322802,1511148,0.027121949568
1999-04-01,"Bottom50",142992,0.043648431590534,3275994,1577925,86311,2035630,216593,37705,0.0662781935720003
1999-04-01,"Next40",1534200,0.0984642478254368,15581290,4962709,810949,2659889,1570676,529819,0.0662781935720003
1999-04-01,"Next9",3235818,0.21794342379684,14847055,2910673,1446585,1085886,1345846,1225266,0.0662781935720003
1999-04-01,"RemainingTop1",2352104,0.356857745526466,6591153,893580,1148537,255044,557521,1192967,0.0662781935720003
1999-04-01,"TopPt1",1851996,0.420032509497813,4409173,318596,936895,61614,313165,1441722,0.0662781935720003
1999-07-01,"Bottom50",135746,0.0406810279671953,3336838,1639785,83264,2082903,219694,36564,-0.074488894201
1999-07-01,"Next40",1509580,0.095909357086843,15739653,5089923,834085,2739931,1579534,525626,-0.074488894201
1999-07-01,"Next9",3096257,0.20869180443777,14836505,2974053,1499594,1109151,1368422,1222576,-0.074488894201
1999-07-01,"RemainingTop1",2222015,0.33886338788814,6557259,918863,1196740,264593,568672,1171980,-0.074488894201
1999-07-01,"TopPt1",1687500,0.392404353909429,4300411,330546,992534,57636,326589,1415129,-0.074488894201
1999-10-01,"Bottom50",155780,0.0453909983746887,3431958,1668708,80854,2119721,227058,32325,0.181112764454
1999-10-01,"Next40",1729796,0.106057212535577,16310027,5152962,846853,2821942,1617429,467535,0.181112764454
1999-10-01,"Next9",3716427,0.234417993311024,15853847,3072587,1508586,1148539,1428490,1218369,0.181112764454
1999-10-01,"RemainingTop1",2631697,0.371083696199183,7091923,955355,1221589,275684,601193,1093013,0.181112764454
1999-10-01,"TopPt1",2063742,0.438601315968444,4705280,346393,999732,55562,365144,1323305,0.181112764454
2000-01-01,"Bottom50",161463,0.0463590210635904,3482882,1689823,78804,2129679,231817,29846,0.0268853293160001
2000-01-01,"Next40",1820929,0.108569263063803,16772049,5369160,851899,2877662,1638087,434002,0.0268853293160001
2000-01-01,"Next9",3933951,0.241817697550892,16268251,3177621,1486319,1177372,1468024,1139170,0.0268853293160001
2000-01-01,"RemainingTop1",2756371,0.377491626387824,7301807,996664,1229597,284459,622013,1031615,0.0268853293160001
2000-01-01,"TopPt1",2151748,0.452522191851922,4755011,357330,973146,53043,389558,1231096,0.0268853293160001
2000-04-01,"Bottom50",153870,0.0436556956681361,3524626,1728054,76222,2166390,232554,28773,-0.063108546172
2000-04-01,"Next40",1790004,0.105234400284309,17009685,5572081,874439,2957167,1629685,421955,-0.063108546172
2000-04-01,"Next9",3774028,0.23188731711744,16275267,3313852,1534850,1195534,1463736,1082290,-0.063108546172
2000-04-01,"RemainingTop1",2615910,0.359213920622527,7282318,1048996,1275316,291632,616385,1037264,-0.063108546172
2000-04-01,"TopPt1",1975335,0.427568629360866,4619925,376596,1020840,49232,381127,1199741,-0.063108546172
2000-07-01,"Bottom50",151577,0.0420962094332035,3600728,1794252,73720,2215362,234479,27894,-0.0130237968639999
2000-07-01,"Next40",1805395,0.103985817249057,17361935,5783341,900069,3051149,1632506,422107,-0.0130237968639999
2000-07-01,"Next9",3761839,0.228100961248402,16491991,3391422,1594163,1226090,1485565,1073160,-0.0130237968639999
2000-07-01,"RemainingTop1",2580993,0.349915191769907,7376053,1083969,1327027,300831,627549,1023740,-0.0130237968639999
2000-07-01,"TopPt1",1905838,0.413024510949114,4614346,388359,1078578,46064,394859,1187126,-0.0130237968639999
2000-10-01,"Bottom50",134817,0.0375706974365691,3588355,1785334,71587,2252911,242514,29346,-0.12158093972
2000-10-01,"Next40",1678841,0.0958643601538566,17512671,5974696,916190,3133182,1674137,476431,-0.12158093972
2000-10-01,"Next9",3341364,0.204938460452382,16304231,3533383,1615351,1232320,1547474,1194640,-0.12158093972
2000-10-01,"RemainingTop1",2262185,0.313618265452962,7213180,1139238,1358190,308462,660060,1070960,-0.12158093972
2000-10-01,"TopPt1",1567988,0.356669184752185,4396197,401446,1095750,42208,430791,1282927,-0.12158093972
2001-01-01,"Bottom50",121052,0.0335794770509357,3604940,1804920,69610,2265347,256974,28323,-0.138407918125
2001-01-01,"Next40",1572037,0.0881196192313067,17839807,6358342,928236,3179020,1756528,462900,-0.138407918125
2001-01-01,"Next9",3005357,0.185880902161813,16168186,3734089,1620656,1227862,1652597,1109157,-0.138407918125
2001-01-01,"RemainingTop1",2006155,0.282472618746904,7102122,1217031,1380635,313364,715901,1033167,-0.138407918125
2001-01-01,"TopPt1",1302974,0.311117998451781,4188038,423352,1096161,36172,491162,1234092,-0.138407918125
2001-04-01,"Bottom50",128612,0.0349950723046105,3675146,1846282,67553,2337356,259998,26749,0.0655584387439998
2001-04-01,"Next40",1679161,0.0916606620769766,18319320,6549719,947802,3273199,1762981,446819,0.0655584387439998
2001-04-01,"Next9",3260948,0.195414897732138,16687305,3831506,1654272,1249291,1666403,1061702,0.0655584387439998
2001-04-01,"RemainingTop1",2161666,0.294268407447475,7345899,1262143,1418566,326216,719811,997126,0.0655584387439998
2001-04-01,"TopPt1",1417520,0.328023098054035,4321403,435713,1125283,31198,492969,1195457,0.0655584387439998
2001-07-01,"Bottom50",108826,0.029277857157654,3717007,1907940,65627,2397471,265580,28878,-0.16858103968
2001-07-01,"Next40",1498100,0.0815566547366718,18368826,6742032,963828,3385270,1788480,515030,-0.16858103968
2001-07-01,"Next9",2753072,0.16820526982554,16367335,3904394,1674045,1311610,1710941,1249726,-0.16858103968
2001-07-01,"RemainingTop1",1792806,0.253742074478881,7065466,1302112,1448900,340755,742447,1046056,-0.16858103968
2001-07-01,"TopPt1",1066883,0.262760942595092,4060280,446819,1139983,30770,517366,1315123,-0.16858103968
2001-10-01,"Bottom50",117829,0.0313817933982885,3754693,1916097,67506,2456998,265405,27750,0.119709115784
2001-10-01,"Next40",1620285,0.0859569463277376,18849960,6924374,977026,3465648,1835152,479900,0.119709115784
2001-10-01,"Next9",3085380,0.181947274222986,16957550,3994163,1637889,1277512,1768634,1136170,0.119709115784
2001-10-01,"RemainingTop1",2043372,0.275790005316393,7409159,1360427,1461302,357341,777428,1016265,0.119709115784
2001-10-01,"TopPt1",1288903,0.303643668423488,4244788,455390,1098993,28058,533935,1224064,0.119709115784
2002-01-01,"Bottom50",114978,0.030458474506677,3774910,1925787,69272,2463597,264748,27323,0.00375948288000005
2002-01-01,"Next40",1616269,0.0843368716050732,19164441,7097728,999350,3544930,1872040,464940,0.00375948288000005
2002-01-01,"Next9",3092014,0.179425053241184,17232900,4114182,1634799,1302353,1795456,1092373,0.00375948288000005
2002-01-01,"RemainingTop1",2071969,0.274966889350713,7535340,1423844,1492321,368558,791527,1003538,0.00375948288000005
2002-01-01,"TopPt1",1318153,0.30898741948331,4266041,466280,1091655,31217,523376,1173194,0.00375948288000005
2002-04-01,"Bottom50",101322,0.0268232685408345,3777392,1949398,71017,2498770,258211,30220,-0.132592558888
2002-04-01,"Next40",1496559,0.0781399304887482,19152295,7220205,1024562,3650452,1871176,507653,-0.132592558888
2002-04-01,"Next9",2789867,0.163404617261493,17073367,4243437,1641605,1328163,1787164,1099680,-0.132592558888
2002-04-01,"RemainingTop1",1886484,0.253222795802037,7449898,1488684,1529115,379065,787743,1090468,-0.132592558888
2002-04-01,"TopPt1",1158489,0.280126995334396,4135585,480906,1094435,33130,496272,1212153,-0.132592558888
2002-07-01,"Bottom50",80425,0.0210057585945352,3828712,2027167,72742,2560920,258853,31836,-0.1727156977
2002-07-01,"Next40",1289456,0.0674490112275705,19117493,7381671,1052554,3762576,1913980,535815,-0.1727156977
2002-07-01,"Next9",2273141,0.136226424117569,16686491,4307076,1657943,1348820,1819822,1099407,-0.1727156977
2002-07-01,"RemainingTop1",1550376,0.215512137688588,7193915,1539318,1571469,396353,805464,1116161,-0.1727156977
2002-07-01,"TopPt1",874997,0.225874693067508,3873816,493776,1106898,34824,490058,1216134,-0.1727156977
2002-10-01,"Bottom50",81280,0.0208220135409694,3903561,2087314,74845,2628248,256702,34710,0.0768546959360001
2002-10-01,"Next40",1332071,0.0682592322864948,19514884,7563296,1057207,3883690,1946450,590424,0.0768546959360001
2002-10-01,"Next9",2390764,0.140283120573069,17042421,4371712,1586183,1377173,1865350,1100681,0.0768546959360001
2002-10-01,"RemainingTop1",1656811,0.223991026358248,7396774,1589244,1565438,412820,834840,1172812,0.0768546959360001
2002-10-01,"TopPt1",968541,0.246136569136162,3934974,504232,1031390,36444,501625,1244818,0.0768546959360001
2003-01-01,"Bottom50",73308,0.0187745861334208,3904640,2087593,76576,2674676,260692,33551,-0.033596623556
2003-01-01,"Next40",1272527,0.0644737249432428,19737141,7733395,1087191,3975063,2006943,566806,-0.033596623556
2003-01-01,"Next9",2250964,0.130917754534416,17193726,4500293,1608426,1397221,1908537,1087098,-0.033596623556
2003-01-01,"RemainingTop1",1583576,0.213368386857462,7421793,1655565,1611587,431807,857377,1138872,-0.033596623556
2003-01-01,"TopPt1",910641,0.233713247833964,3896403,514425,1050160,38394,498069,1186296,-0.033596623556
2003-04-01,"Bottom50",82519,0.0207190699103837,3982756,2134107,78288,2787983,259075,33366,0.16353983438
2003-04-01,"Next40",1415531,0.0697393961612001,20297437,7904115,1119573,4138359,2033638,588593,0.16353983438
2003-04-01,"Next9",2640248,0.146238981456977,18054338,4613149,1638928,1473260,1927779,1203386,0.16353983438
2003-04-01,"RemainingTop1",1887129,0.241525924826195,7813360,1717128,1662542,457791,869358,1039333,0.16353983438
2003-04-01,"TopPt1",1178389,0.279981714533358,4208807,527441,1077244,43534,487441,1175178,0.16353983438
2003-07-01,"Bottom50",82953,0.0203788235935742,4070549,2214279,80052,2843055,253079,33028,0.0341583181640002
2003-07-01,"Next40",1456704,0.0706476485484341,20619285,8089832,1149597,4272394,2030625,566844,0.0341583181640002
2003-07-01,"Next9",2773825,0.150342810279522,18450001,4694753,1659949,1518880,1918793,1208075,0.0341583181640002
2003-07-01,"RemainingTop1",2012285,0.250480195386714,8033709,1771214,1708487,468988,866895,1049762,0.0341583181640002
2003-07-01,"TopPt1",1296179,0.299847436670025,4322795,541801,1094980,46551,464192,1136134,0.0341583181640002
2003-10-01,"Bottom50",89008,0.0214154689518046,4156248,2268943,81875,2910436,250337,36328,0.12124348232
2003-10-01,"Next40",1559322,0.07366763058895,21166990,8291888,1176511,4396340,2047648,616880,0.12124348232
2003-10-01,"Next9",3093169,0.161357269660737,19169691,4794538,1668754,1538078,1929353,1261180,0.12124348232
2003-10-01,"RemainingTop1",2273280,0.268787473232455,8457537,1832606,1747886,500993,875167,1136434,0.12124348232
2003-10-01,"TopPt1",1541570,0.334394641946086,4610032,554731,1100727,54092,451195,1178651,0.12124348232
2004-01-01,"Bottom50",89115,0.0211190101188295,4219658,2308156,83573,2948883,252252,48865,0.0221284268000002
2004-01-01,"Next40",1597168,0.0730757934969934,21856321,8633533,1212424,4489443,2092608,861704,0.0221284268000002
2004-01-01,"Next9",3237353,0.161714441737898,20018948,4988158,1710702,1562020,1963253,1728211,0.0221284268000002
2004-01-01,"RemainingTop1",2411323,0.268571408204933,8978331,1927255,1805763,518129,895705,1575461,0.0221284268000002
2004-01-01,"TopPt1",1678411,0.331965514104091,5055980,576889,1139485,56398,448332,1647465,0.0221284268000002
2004-04-01,"Bottom50",83112,0.0191375749216532,4342870,2429554,85043,3027876,250602,47815,0.0118659187699999
2004-04-01,"Next40",1571982,0.0706114672718839,22262418,8900367,1264940,4635528,2114060,823735,0.0118659187699999
2004-04-01,"Next9",3196977,0.156966189475216,20367297,5116483,1814062,1621064,1977454,1690674,0.0118659187699999
2004-04-01,"RemainingTop1",2418346,0.265157480789798,9120414,1999394,1897765,537137,906796,1462749,0.0118659187699999
2004-04-01,"TopPt1",1694308,0.330707994398114,5123275,599800,1239046,60750,438218,1520714,0.0118659187699999
2004-07-01,"Bottom50",76790,0.0174173074825016,4408833,2497799,86527,3108227,246417,50812,-0.02436393248
2004-07-01,"Next40",1545104,0.0680630502466646,22701069,9194978,1317619,4772330,2118543,874832,-0.02436393248
2004-07-01,"Next9",3152953,0.151351372368905,20832008,5360305,1917406,1658341,1978063,1752616,-0.02436393248
2004-07-01,"RemainingTop1",2424230,0.258485964019054,9378575,2097791,1989948,549341,911529,1561022,-0.02436393248
2004-07-01,"TopPt1",1709846,0.322815948695206,5296659,622203,1338518,60838,423727,1576977,-0.02436393248
2004-10-01,"Bottom50",85503,0.0185858996009715,4600423,2611139,95146,3261739,255475,52340,0.0964001594919999
2004-10-01,"Next40",1621523,0.0693186320923999,23392311,9515535,1309666,4875637,2168930,906398,0.0964001594919999
2004-10-01,"Next9",3428083,0.157524327108715,21762245,5542940,2011429,1754794,2036067,1928635,0.0964001594919999
2004-10-01,"RemainingTop1",2627523,0.269854104437297,9736828,2157226,1989565,547770,917181,1590744,0.0964001594919999
2004-10-01,"TopPt1",1902568,0.337071369941962,5644407,640690,1384755,63267,431810,1716947,0.0964001594919999
2005-01-01,"Bottom50",85953,0.0180431950979641,4763735,2727698,103709,3402850,263725,54312,-0.0284381902
2005-01-01,"Next40",1611802,0.0679859014000658,23707886,9759420,1304210,4911018,2208453,885068,-0.0284381902
2005-01-01,"Next9",3438625,0.155214087447015,22154078,5773478,2113855,1783520,2077128,1859450,-0.0284381902
2005-01-01,"RemainingTop1",2639253,0.268300557684326,9836927,2216003,1994125,545797,912545,1578872,-0.0284381902
2005-01-01,"TopPt1",1913952,0.334955123813124,5714055,657438,1439495,58436,429805,1667094,-0.0284381902
2005-04-01,"Bottom50",89379,0.018139954010298,4927190,2833709,112101,3551144,268711,58288,0.0153021446299999
2005-04-01,"Next40",1630321,0.06763192016259,24105792,9966267,1311931,4998521,2229281,926152,0.0153021446299999
2005-04-01,"Next9",3542543,0.154969122476396,22859670,6066975,2263253,1865773,2106510,1919482,0.0153021446299999
2005-04-01,"RemainingTop1",2718463,0.269300361314172,10094539,2290630,2025363,545638,901413,1650260,0.0153021446299999
2005-04-01,"TopPt1",1990975,0.33320781399708,5975175,676715,1540542,61060,424003,1750087,0.0153021446299999
2005-07-01,"Bottom50",95752,0.0185662644738702,5157311,3005097,120445,3708971,276745,56085,0.0316579020799999
2005-07-01,"Next40",1675000,0.0680825036379429,24602503,10265362,1324398,5094705,2273241,832939,0.0316579020799999
2005-07-01,"Next9",3737360,0.158596689022105,23565183,6297726,2428584,1953162,2163666,1777151,0.0316579020799999
2005-07-01,"RemainingTop1",2863108,0.27660936280128,10350727,2348168,2065983,542702,904003,1553722,0.0316579020799999
2005-07-01,"TopPt1",2132899,0.343615212644736,6207231,695681,1657285,62837,431670,1627973,0.0316579020799999
2005-10-01,"Bottom50",97631,0.0182196064321662,5358568,3147985,128936,3846066,283898,60621,0.0125276474560001
2005-10-01,"Next40",1675002,0.0667543651922511,25092022,10556102,1320989,5173099,2316354,877316,0.0125276474560001
2005-10-01,"Next9",3790284,0.157079693695169,24129688,6488178,2536064,2028527,2231151,1819567,0.0125276474560001
2005-10-01,"RemainingTop1",2905436,0.275639679820217,10540703,2392819,2074213,538514,911748,1616999,0.0125276474560001
2005-10-01,"TopPt1",2176576,0.341305474119709,6377208,706580,1717605,65133,447140,1692912,0.0125276474560001
2006-01-01,"Bottom50",114581,0.0209093994759009,5479880,3195522,137479,3996173,298643,63755,0.04230907377
2006-01-01,"Next40",1810546,0.0714248688249829,25348958,10490520,1307673,5269116,2398518,905813,0.04230907377
2006-01-01,"Next9",4307852,0.172194783454023,25017320,6590889,2607837,2132802,2319153,1878857,0.04230907377
2006-01-01,"RemainingTop1",3281442,0.298860339725922,10979851,2398115,2062363,536845,927645,1657103,0.04230907377
2006-01-01,"TopPt1",2550753,0.372675247744921,6844439,699588,1743443,69880,466079,1764302,0.04230907377
2006-04-01,"Bottom50",110736,0.0196119373960945,5646357,3327180,145861,4158822,304546,66448,-0.0319599204199998
2006-04-01,"Next40",1755170,0.0688437920524226,25494964,10604466,1308995,5354125,2428686,925086,-0.0319599204199998
2006-04-01,"Next9",4181751,0.165727310978471,25232721,6707477,2731573,2221897,2371507,1886746,-0.0319599204199998
2006-04-01,"RemainingTop1",3195180,0.29212572163331,10937688,2412856,2080108,535712,925466,1609415,-0.0319599204199998
2006-04-01,"TopPt1",2469781,0.360590240745259,6849273,702516,1820397,72988,473145,1754129,-0.0319599204199998
2006-07-01,"Bottom50",115639,0.0199117737559382,5807569,3434873,154223,4325255,312424,66542,0.031072653896
2006-07-01,"Next40",1776799,0.0689650367483169,25763765,10701579,1308183,5427573,2472398,889612,0.031072653896
2006-07-01,"Next9",4323956,0.168020487516949,25734695,6780098,2847364,2297157,2442012,1829618,0.031072653896
2006-07-01,"RemainingTop1",3301391,0.296797199414927,11123390,2413389,2093522,533051,932175,1609857,0.031072653896
2006-07-01,"TopPt1",2580830,0.366288195972126,7045900,699784,1890028,75361,490317,1747276,0.031072653896
2006-10-01,"Bottom50",127167,0.0215099942557471,5911996,3471048,162584,4451198,321110,64825,0.0586702529
2006-10-01,"Next40",1853736,0.0711966500700565,26036843,10717842,1299899,5475528,2521844,829292,0.0586702529
2006-10-01,"Next9",4666624,0.176791601635176,26396186,6827556,2936390,2368631,2524418,1711224,0.0586702529
2006-10-01,"RemainingTop1",3550876,0.311369405041818,11404062,2405449,2091895,531919,944883,1531360,0.0586702529
2006-10-01,"TopPt1",2837387,0.38644089357137,7342357,689272,1934140,80049,515797,1671677,0.0586702529
2007-01-01,"Bottom50",135065,0.0226736985097287,5956902,3448853,170931,4545635,336733,68672,0.000986419592000187
2007-01-01,"Next40",1896252,0.0727165131175466,26077323,10533631,1279778,5498106,2608526,868425,0.000986419592000187
2007-01-01,"Next9",4896187,0.182117638516915,26884749,6831280,2983326,2436993,2629455,1774965,0.000986419592000187
2007-01-01,"RemainingTop1",3719144,0.320479437287817,11604938,2379890,2066512,517610,966975,1559611,0.000986419592000187
2007-01-01,"TopPt1",3014982,0.396770701486892,7598802,671646,1938023,80465,546864,1738297,0.000986419592000187
2007-04-01,"Bottom50",140239,0.0231785173411221,6050387,3479154,179146,4682589,339517,68256,0.047388055508
2007-04-01,"Next40",1913465,0.0732314277148001,26129014,10405393,1270404,5560067,2616534,849430,0.047388055508
2007-04-01,"Next9",5041452,0.18422632028841,27365536,6850884,3068092,2524278,2671697,1799595,0.047388055508
2007-04-01,"RemainingTop1",3827092,0.32713123827352,11698950,2359884,2062839,512700,957461,1469079,0.047388055508
2007-04-01,"TopPt1",3133489,0.403009171432871,7775230,660454,1979325,82780,553136,1739047,0.047388055508
2007-07-01,"Bottom50",141747,0.0230615784019965,6146457,3516183,187294,4822515,348134,82186,0.00314390030400014
2007-07-01,"Next40",1898312,0.0723832126000825,26225860,10276409,1254124,5603859,2667896,1059054,0.00314390030400014
2007-07-01,"Next9",5074787,0.182620321885156,27788731,6810560,3128181,2572275,2783929,2096916,0.00314390030400014
2007-07-01,"RemainingTop1",3855226,0.325307883119131,11851007,2327387,2045376,503971,987505,1657801,0.00314390030400014
2007-07-01,"TopPt1",3172292,0.396486840023287,8001002,644288,1997471,85785,607643,1978663,0.00314390030400014
2007-10-01,"Bottom50",131412,0.0217938624866516,6029771,3396019,187436,4922914,354233,82150,-0.03938985496
2007-10-01,"Next40",1820173,0.069581526774835,26158854,10146617,1259854,5644783,2723795,1130060,-0.03938985496
2007-10-01,"Next9",4836299,0.174463952424068,27720907,6755432,3051015,2596256,2923749,2337192,-0.03938985496
2007-10-01,"RemainingTop1",3671627,0.314173397865218,11686626,2295067,2037956,511254,1063105,1620393,-0.03938985496
2007-10-01,"TopPt1",2968987,0.378368661914842,7846810,650878,1934853,90161,683751,2003430,-0.03938985496
2008-01-01,"Bottom50",117177,0.0197558193741133,5931265,3312010,187193,5002065,361756,82564,-0.100776936118
2008-01-01,"Next40",1707542,0.0663723164087766,25726720,9817398,1228139,5653566,2791110,1203092,-0.100776936118
2008-01-01,"Next9",4476163,0.16468299438851,27180481,6562931,2848400,2620715,3083348,2578810,-0.100776936118
2008-01-01,"RemainingTop1",3401177,0.300586993488446,11315117,2219265,1957213,519574,1150227,1598900,-0.100776936118
2008-01-01,"TopPt1",2679324,0.357908193423381,7486065,646572,1752794,94911,774074,2052372,-0.100776936118
2008-04-01,"Bottom50",109836,0.0186440634810705,5891205,3295619,186903,4965173,345605,82664,-0.0241732425010002
2008-04-01,"Next40",1652073,0.0651520920607284,25357175,9525018,1233729,5631324,2698063,1218732,-0.0241732425010002
2008-04-01,"Next9",4322226,0.161023225622053,26842252,6383251,2780410,2624315,3043947,2640839,-0.0241732425010002
2008-04-01,"RemainingTop1",3277916,0.293281306031765,11176696,2148775,1951918,507469,1127090,1741906,-0.0241732425010002
2008-04-01,"TopPt1",2540302,0.349138445248681,7275916,646882,1700620,98085,743249,2087628,-0.0241732425010002
2008-07-01,"Bottom50",90473,0.0156573163726972,5778321,3213112,186259,5076745,347339,85501,-0.0865333208749999
2008-07-01,"Next40",1490400,0.0599110258557239,24876890,9244273,1222824,5623248,2717722,1296117,-0.0865333208749999
2008-07-01,"Next9",3794707,0.145295456139668,26117176,6248147,2660775,2627297,3115815,2778984,-0.0865333208749999
2008-07-01,"RemainingTop1",2887451,0.267671236483184,10787304,2091559,1915202,528016,1161860,1914766,-0.0865333208749999
2008-07-01,"TopPt1",2134858,0.311828173730957,6846264,644321,1599889,104087,768886,2184606,-0.0865333208749999
2008-10-01,"Bottom50",62372,0.0111425469612835,5597643,3087294,184987,5030994,358852,84642,-0.22256594344
2008-10-01,"Next40",1242433,0.0513146870967269,24212035,9006659,1193014,5515175,2811411,1248703,-0.22256594344
2008-10-01,"Next9",2979828,0.120093150913935,24812639,6125295,2484064,2517357,3303144,2520431,-0.22256594344
2008-10-01,"RemainingTop1",2289832,0.221781253014606,10324732,2038220,1843118,514949,1262998,2345914,-0.22256594344
2008-10-01,"TopPt1",1532298,0.247064542733289,6202015,638157,1446513,102519,873158,2202422,-0.22256594344
2009-01-01,"Bottom50",50984,0.00932944179620667,5464850,2997353,183288,5061247,346839,87373,-0.0996828562739999
2009-01-01,"Next40",1138718,0.0479325797481633,23756660,8763273,1163187,5439057,2746212,1326092,-0.0996828562739999
2009-01-01,"Next9",2673879,0.110635910532957,24168274,5993215,2315178,2466413,3295929,2553828,-0.0996828562739999
2009-01-01,"RemainingTop1",2056681,0.204473768716924,10058410,1981328,1772955,514619,1256921,2569907,-0.0996828562739999
2009-01-01,"TopPt1",1296969,0.221741438515716,5849015,632144,1302156,99435,861109,2283609,-0.0996828562739999
2009-04-01,"Bottom50",67395,0.0123067770268383,5476251,2992794,180646,5059259,337001,81191,0.163966783994
2009-04-01,"Next40",1298958,0.0547624694886453,23719858,8512905,1119081,5400897,2688444,1208976,0.163966783994
2009-04-01,"Next9",3259696,0.132689882071656,24566274,5879095,2109807,2461563,3275015,2351093,0.163966783994
2009-04-01,"RemainingTop1",2465385,0.240063834349299,10269706,1926434,1677861,515774,1240396,2403210,0.163966783994
2009-04-01,"TopPt1",1682563,0.285324234049701,5897021,633559,1126375,103633,832277,2008620,0.163966783994
2009-07-01,"Bottom50",84333,0.0153543165159814,5492462,2990859,179173,5108093,326067,80337,0.158699138736
2009-07-01,"Next40",1460473,0.0611808281502865,23871416,8333745,1115702,5355383,2620794,1234990,0.158699138736
2009-07-01,"Next9",3857997,0.152351414409043,25323014,5790485,2039022,2432864,3236278,2512076,0.158699138736
2009-07-01,"RemainingTop1",2881766,0.269121606149545,10708044,1884196,1661238,522621,1213490,2505758,0.158699138736
2009-07-01,"TopPt1",2079974,0.332335143730355,6258664,638121,1074609,105882,791711,2114711,0.158699138736
2009-10-01,"Bottom50",86355,0.0158257570495679,5456611,2937775,177319,5124359,330249,74984,0.05840372708
2009-10-01,"Next40",1485418,0.0622551567131151,23860160,8191856,1105446,5320606,2650069,1147264,0.05840372708
2009-10-01,"Next9",3983797,0.156149748340726,25512670,5775628,1951613,2428690,3298592,2438940,0.05840372708
2009-10-01,"RemainingTop1",2959382,0.274809397063921,10768853,1866912,1632633,524102,1239081,2461561,0.05840372708
2009-10-01,"TopPt1",2144370,0.343734531409094,6238448,645095,1007990,109364,803075,2002191,0.05840372708
2010-01-01,"Bottom50",91973,0.0169740674533381,5418442,2904705,177113,5096681,318066,77247,0.06221800405
2010-01-01,"Next40",1543470,0.0642900369665526,24007919,8131082,1129084,5247138,2570289,1236006,0.06221800405
2010-01-01,"Next9",4223784,0.162500987309386,25992359,5768142,1967351,2409829,3239592,2596339,0.06221800405
2010-01-01,"RemainingTop1",3118581,0.283108412409022,11015501,1854706,1666757,535315,1200525,2603371,0.06221800405
2010-01-01,"TopPt1",2288915,0.355714606519812,6434695,655891,1032959,117748,750989,2130770,0.06221800405
2010-04-01,"Bottom50",79446,0.0147791553747863,5375544,2910024,178460,5077627,307687,75396,-0.11289873124
2010-04-01,"Next40",1435546,0.0604606070387369,23743493,8027378,1181000,5208318,2508344,1259399,-0.11289873124
2010-04-01,"Next9",3885231,0.150402054791869,25832300,5782066,2065531,2409525,3217665,2738618,-0.11289873124
2010-04-01,"RemainingTop1",2864245,0.263946353437801,10851618,1846300,1752216,535021,1183648,2703769,-0.11289873124
2010-04-01,"TopPt1",2026122,0.320749603361431,6316834,668878,1130165,122146,725933,2252046,-0.11289873124
2010-07-01,"Bottom50",92318,0.0170364655064075,5418847,2933281,178942,5090049,304924,70140,0.11532004892
2010-07-01,"Next40",1561869,0.065081820585373,23998545,7928422,1211999,5158411,2500767,1193101,0.11532004892
2010-07-01,"Next9",4359279,0.163304002055573,26694257,5732524,2101783,2385322,3264499,2735975,0.11532004892
2010-07-01,"RemainingTop1",3190421,0.283280890368424,11262394,1822614,1798823,531492,1203241,2682345,0.11532004892
2010-07-01,"TopPt1",2332910,0.349683818472772,6671484,673749,1171012,122938,738638,2223474,0.11532004892
2010-10-01,"Bottom50",102220,0.0192941497125602,5297979,2780053,174332,5052214,306131,76353,0.116085622106
2010-10-01,"Next40",1682134,0.0690578512953125,24358331,7856654,1211931,5181726,2508665,1288785,0.116085622106
2010-10-01,"Next9",4717039,0.172282687657832,27379646,5695610,2153487,2391787,3298588,2808536,0.116085622106
2010-10-01,"RemainingTop1",3431951,0.295578115814189,11610978,1824574,1798782,533367,1237810,2689004,0.116085622106
2010-10-01,"TopPt1",2599603,0.371150333415284,7004178,664252,1224643,119940,767021,2191551,0.116085622106
2011-01-01,"Bottom50",110743,0.0211100247789217,5245991,2694274,169309,4993576,317442,74887,0.06003784068
2011-01-01,"Next40",1789443,0.0729221982364369,24539071,7727586,1204887,5187628,2563220,1248984,0.06003784068
2011-01-01,"Next9",5029209,0.181061514974396,27776245,5602674,2185719,2422223,3331847,2810624,0.06003784068
2011-01-01,"RemainingTop1",3639809,0.306980590471042,11856805,1812031,1785753,528034,1265688,2650762,0.06003784068
2011-01-01,"TopPt1",2835886,0.391053289771518,7251917,653397,1260596,116455,777842,2135699,0.06003784068
2011-04-01,"Bottom50",108549,0.020833733186034,5210252,2641753,164258,4935907,326424,78931,-0.00174551158000014
2011-04-01,"Next40",1801870,0.0731117497963009,24645423,7641110,1199351,5195598,2605473,1337566,-0.00174551158000014
2011-04-01,"Next9",5005092,0.179169406661256,27934970,5614145,2223422,2430372,3357922,2964920,-0.00174551158000014
2011-04-01,"RemainingTop1",3607812,0.302952733887835,11908828,1829635,1775330,523191,1291204,2686169,-0.00174551158000014
2011-04-01,"TopPt1",2832749,0.385639725854336,7345584,652421,1301245,111285,788952,2198925,-0.00174551158000014
2011-07-01,"Bottom50",83642,0.0161662040866816,5173880,2642602,159280,4898135,336432,82776,-0.15130658548
2011-07-01,"Next40",1611503,0.0659528196138696,24434179,7638331,1198884,5215793,2653753,1459228,-0.15130658548
2011-07-01,"Next9",4266719,0.157250447246113,27133271,5539809,2277782,2443111,3387275,3207863,-0.15130658548
2011-07-01,"RemainingTop1",3068616,0.267731841688124,11461528,1823290,1774201,519705,1318733,2851152,-0.15130658548
2011-07-01,"TopPt1",2320319,0.332685784484234,6974506,647405,1356871,108289,802483,2397914,-0.15130658548
2011-10-01,"Bottom50",90169,0.0175824342962083,5128357,2560746,154301,4865765,347628,82515,0.118621295675
2011-10-01,"Next40",1705239,0.0688966915072104,24750666,7591868,1203318,5235631,2713558,1439334,0.118621295675
2011-10-01,"Next9",4522693,0.163771169892565,27615929,5506016,2349067,2445846,3437117,3173839,0.118621295675
2011-10-01,"RemainingTop1",3235161,0.275328562967913,11750183,1828307,1782248,518487,1358431,2865793,0.118621295675
2011-10-01,"TopPt1",2515357,0.347394435047635,7240637,639030,1427990,104420,829291,2342198,0.118621295675
2012-01-01,"Bottom50",105711,0.020814451484042,5078731,2467486,148640,4792430,352886,83784,0.13115638152
2012-01-01,"Next40",1878282,0.0748581435943046,25091218,7485921,1191568,5233835,2730042,1439240,0.13115638152
2012-01-01,"Next9",5058770,0.17830177094593,28371956,5505380,2372213,2469764,3428194,3138622,0.13115638152
2012-01-01,"RemainingTop1",3599274,0.295987402208857,12160227,1843336,1760422,512446,1366756,2822904,0.13115638152
2012-01-01,"TopPt1",2912799,0.381714170842049,7630838,634785,1455300,101340,826179,2252456,0.13115638152
2012-04-01,"Bottom50",98836,0.0193500099162046,5107801,2516482,143311,4747523,353555,82684,-0.033485928895
2012-04-01,"Next40",1853588,0.0737117871143995,25146426,7533516,1196827,5248730,2719945,1479864,-0.033485928895
2012-04-01,"Next9",4894996,0.172715239265492,28341425,5553505,2450381,2478233,3398253,3347644,-0.033485928895
2012-04-01,"RemainingTop1",3467432,0.286107706997519,12119324,1870455,1770471,509954,1365190,2901103,-0.033485928895
2012-04-01,"TopPt1",2809270,0.367050091969287,7653642,648044,1533140,97361,815829,2369847,-0.033485928895
2012-07-01,"Bottom50",106147,0.020673667022047,5134406,2524083,137893,4739972,356807,86182,0.0617152280180002
2012-07-01,"Next40",1953982,0.0762979577495972,25609886,7651745,1208828,5267537,2733563,1547954,0.0617152280180002
2012-07-01,"Next9",5173101,0.178615670983444,28962190,5617880,2552920,2478849,3410073,3408804,0.0617152280180002
2012-07-01,"RemainingTop1",3647927,0.292787805015472,12459286,1906884,1793628,511099,1387346,2947594,0.0617152280180002
2012-07-01,"TopPt1",3024012,0.37816439431285,7996554,659191,1633956,91848,828572,2384572,0.0617152280180002
2012-10-01,"Bottom50",105681,0.0205707111504735,5137450,2508777,131934,4661392,373957,81812,0.00174546009600007
2012-10-01,"Next40",1986943,0.0766638441318761,25917602,7745368,1208120,5298980,2834819,1476048,0.00174546009600007
2012-10-01,"Next9",5210530,0.178006448575717,29271580,5671701,2617790,2510343,3508245,3428216,0.00174546009600007
2012-10-01,"RemainingTop1",3658110,0.29090039553471,12575129,1941358,1793490,499697,1455667,2878933,0.00174546009600007
2012-10-01,"TopPt1",3066350,0.377275776922832,8127609,666673,1700582,90763,882921,2306718,0.00174546009600007
2013-01-01,"Bottom50",123642,0.0239795661095315,5156140,2486119,125694,4695169,378017,78513,0.112409163584
2013-01-01,"Next40",2178111,0.081899873445199,26594803,7934866,1204072,5277833,2842313,1383033,0.112409163584
2013-01-01,"Next9",5813741,0.191817722153806,30308675,5826976,2674415,2464749,3482534,3312928,0.112409163584
2013-01-01,"RemainingTop1",4067704,0.311121506378226,13074326,2008240,1787588,510397,1457451,2780869,0.112409163584
2013-01-01,"TopPt1",3518964,0.409915179655698,8584615,686373,1760091,79417,876224,2149562,0.112409163584
2013-04-01,"Bottom50",124242,0.0237819234258894,5224220,2550039,119616,4667501,382990,71900,0.0315083584
2013-04-01,"Next40",2220394,0.0822941372533083,26981193,8123758,1228119,5311691,2858339,1215302,0.0315083584
2013-04-01,"Next9",5883588,0.191320951664014,30752450,5980634,2826488,2486989,3472227,3107785,0.0315083584
2013-04-01,"RemainingTop1",4100726,0.311842969083354,13149971,2070636,1835717,510281,1468747,2538117,0.0315083584
2013-04-01,"TopPt1",3587098,0.412586737751874,8694167,714610,1909370,75928,879344,1888452,0.0315083584
2013-07-01,"Bottom50",132152,0.0248086161094183,5326859,2623150,113110,4663111,391207,69746,0.0666195056450001
2013-07-01,"Next40",2324405,0.083950536756416,27687792,8371797,1248890,5357728,2898641,1166572,0.0666195056450001
2013-07-01,"Next9",6175893,0.195388251185693,31608313,6083717,2972317,2510139,3496325,3043258,0.0666195056450001
2013-07-01,"RemainingTop1",4291011,0.317310699991082,13523058,2139477,1878829,507458,1499783,2480589,0.0666195056450001
2013-07-01,"TopPt1",3817995,0.421852402954208,9050547,734926,2054251,71921,900453,1796442,0.0666195056450001
2013-10-01,"Bottom50",140631,0.0263048077619113,5346209,2609639,114469,4685003,392220,69077,0.104278992047
2013-10-01,"Next40",2407522,0.0851570993525078,28271536,8567616,1262105,5450595,2907072,1150878,0.104278992047
2013-10-01,"Next9",6516638,0.200348528037501,32526508,6187890,2968043,2544446,3528532,3007444,0.104278992047
2013-10-01,"RemainingTop1",4594942,0.329266311589611,13955093,2174101,1960652,528112,1538896,2395022,0.104278992047
2013-10-01,"TopPt1",4084743,0.436244443407312,9363427,748540,2098822,75714,910254,1712448,0.104278992047
2014-01-01,"Bottom50",148081,0.0277304828007748,5340008,2587433,115591,4636627,401139,69274,0.0162038473839998
2014-01-01,"Next40",2483052,0.0868420931143182,28592724,8695445,1258243,5480332,2961186,1180803,0.0162038473839998
2014-01-01,"Next9",6827034,0.205680358888898,33192445,6308717,2908593,2536584,3594141,3103686,0.0162038473839998
2014-01-01,"RemainingTop1",4876939,0.339724085143708,14355588,2228272,2008644,536425,1595141,2371088,0.0162038473839998
2014-01-01,"TopPt1",4328645,0.447739711666733,9667771,761189,2090576,77783,935564,1720170,0.0162038473839998
2014-04-01,"Bottom50",156323,0.0289175905183497,5405810,2634942,117110,4604852,400778,70831,0.0451483406
2014-04-01,"Next40",2566230,0.0884931705154355,28999187,8866614,1285446,5553681,2954629,1219012,0.0451483406
2014-04-01,"Next9",7162526,0.210824858351965,33973821,6439269,2952579,2545613,3594147,3152934,0.0451483406
2014-04-01,"RemainingTop1",5176405,0.349024332158862,14831072,2284077,2115284,545699,1616449,2385026,0.0451483406
2014-04-01,"TopPt1",4590139,0.456525697988255,10054503,781420,2178255,81282,930159,1724888,0.0451483406
2014-07-01,"Bottom50",148741,0.0275608445931986,5396823,2629270,118656,4566370,403889,71170,0.00122299011200022
2014-07-01,"Next40",2513522,0.0860694810735433,29203406,9061509,1312769,5605038,2977327,1247551,0.00122299011200022
2014-07-01,"Next9",7009938,0.205013696703096,34192535,6567595,2997312,2516975,3641398,3242263,0.00122299011200022
2014-07-01,"RemainingTop1",5129451,0.343258675168794,14943398,2342561,2221410,546717,1663202,2363102,0.00122299011200022
2014-07-01,"TopPt1",4498534,0.44488272531011,10111730,794768,2265717,82361,947546,1735112,0.00122299011200022
2014-10-01,"Bottom50",153241,0.0285386620550198,5369593,2588807,120147,4540349,406351,69858,0.05081688872
2014-10-01,"Next40",2565068,0.0869528046587027,29499543,9197091,1335245,5677608,2995909,1224490,0.05081688872
2014-10-01,"Next9",7229301,0.207936946961517,34766794,6666232,3026641,2517401,3683581,3198746,0.05081688872
2014-10-01,"RemainingTop1",5345569,0.349211020619157,15307561,2391579,2317429,555520,1707006,2328020,0.05081688872
2014-10-01,"TopPt1",4675587,0.450181730231247,10385999,802009,2337874,84899,962772,1680832,0.05081688872
2015-01-01,"Bottom50",154746,0.0287976578664208,5373562,2571116,121572,4497127,421032,68819,0.0169844633299998
2015-01-01,"Next40",2590794,0.0867932192992145,29850189,9346724,1353074,5699682,3081929,1230030,0.0169844633299998
2015-01-01,"Next9",7355319,0.208168435516914,35333498,6790542,3041401,2496057,3768129,3257825,0.0169844633299998
2015-01-01,"RemainingTop1",5494797,0.351498333791567,15632498,2446539,2403633,565822,1772580,2315834,0.0169844633299998
2015-01-01,"TopPt1",4785057,0.450200513250697,10628724,817742,2395514,85810,996761,1679055,0.0169844633299998
2015-04-01,"Bottom50",152285,0.0281692303252858,5406076,2597111,123240,4500518,421098,66166,0.0041816813840001
2015-04-01,"Next40",2581599,0.0859184824452458,30047074,9517748,1384146,5792713,3082017,1184518,0.0041816813840001
2015-04-01,"Next9",7356206,0.206253188269289,35665902,6948176,3099145,2506574,3783351,3179665,0.0041816813840001
2015-04-01,"RemainingTop1",5553943,0.350948531233097,15825520,2513951,2515030,580830,1801690,2246040,0.0041816813840001
2015-04-01,"TopPt1",4804126,0.446503515611785,10759436,839567,2492944,88328,999282,1604014,0.0041816813840001
2015-07-01,"Bottom50",130510,0.0240911991532362,5417331,2646471,124682,4510563,420933,68896,-0.0746545187159999
2015-07-01,"Next40",2398639,0.0798358455786968,30044637,9762369,1401592,5881565,3090077,1294609,-0.0746545187159999
2015-07-01,"Next9",6742693,0.191044097722358,35293909,7029853,3113383,2509828,3826477,3438002,-0.0746545187159999
2015-07-01,"RemainingTop1",5171375,0.33104469643527,15621380,2560878,2598971,592927,1845132,2397076,-0.0746545187159999
2015-07-01,"TopPt1",4380870,0.417560677484424,10491577,854921,2548622,90589,1015770,1739876,-0.0746545187159999
2015-10-01,"Bottom50",135685,0.0248874210351487,5451951,2655637,125827,4456178,431470,64165,0.0603434523749999
2015-10-01,"Next40",2456787,0.0806720680811761,30453998,9961946,1403592,5924874,3158436,1222045,0.0603434523749999
2015-10-01,"Next9",6980507,0.194836830563246,35827451,7097682,3078969,2508029,3911105,3270848,0.0603434523749999
2015-10-01,"RemainingTop1",5397161,0.338847226774825,15928007,2601946,2651417,605091,1910060,2275277,0.0603434523749999
2015-10-01,"TopPt1",4570113,0.427454249262519,10691467,863099,2557444,91956,1050784,1629762,0.0603434523749999
2016-01-01,"Bottom50",136030,0.0249456451575043,5453056,2631768,126677,4429179,442815,65442,0.00750583358000001
2016-01-01,"Next40",2471452,0.0803309980931134,30765857,10098055,1393198,5965686,3225988,1284368,0.00750583358000001
2016-01-01,"Next9",7063932,0.194696127656843,36281831,7203425,3006521,2490924,3981681,3434058,0.00750583358000001
2016-01-01,"RemainingTop1",5511107,0.341135366335192,16155191,2652577,2677959,618515,1967403,2291188,0.00750583358000001
2016-01-01,"TopPt1",4648001,0.428775101972439,10840184,875572,2529267,92768,1078333,1691512,0.00750583358000001
2016-04-01,"Bottom50",139375,0.0255185273205244,5461718,2621752,128279,4433746,438011,65811,0.0268556108720002
2016-04-01,"Next40",2513778,0.080677007265712,31158543,10324545,1417957,6058061,3192317,1326972,0.0268556108720002
2016-04-01,"Next9",7243444,0.196220674182445,36914785,7416500,3045138,2498264,3955918,3524555,0.0268556108720002
2016-04-01,"RemainingTop1",5693374,0.344698828209951,16516952,2736503,2773414,635340,1973785,2303902,0.0268556108720002
2016-04-01,"TopPt1",4794635,0.430944648653157,11125872,896722,2605665,94821,1061548,1725995,0.0268556108720002
2016-07-01,"Bottom50",143365,0.0255663463316622,5607567,2747062,129828,4455942,447325,64113,0.047313191262
2016-07-01,"Next40",2562468,0.0808957597527883,31676172,10606876,1439398,6162757,3246682,1280563,0.047313191262
2016-07-01,"Next9",7444070,0.198902189939545,37425782,7464968,3073326,2515873,4013094,3376511,0.047313191262
2016-07-01,"RemainingTop1",5890025,0.349723063853163,16841969,2773557,2861345,651088,2023674,2210539,0.047313191262
2016-07-01,"TopPt1",4956089,0.436988508449042,11341463,910172,2671529,97730,1082916,1636373,0.047313191262
2016-10-01,"Bottom50",140905,0.0249998447545214,5636235,2745163,133961,4491941,456732,61583,0.046121308834
2016-10-01,"Next40",2568886,0.080221737851707,32022318,10844229,1434896,6209125,3317760,1232314,0.046121308834
2016-10-01,"Next9",7525947,0.199676466659977,37690706,7576291,3094883,2526381,4073317,3180244,0.046121308834
2016-10-01,"RemainingTop1",6011281,0.35488206877306,16938813,2811620,2835420,652915,2007682,2165694,0.046121308834
2016-10-01,"TopPt1",4956051,0.438585052102678,11300091,925572,2684416,100006,1073311,1553536,0.046121308834
2017-01-01,"Bottom50",149867,0.0261643518017398,5727908,2768936,138134,4514222,472015,60828,0.0573832007900001
2017-01-01,"Next40",2679110,0.0821255689161568,32622118,11026744,1429872,6221408,3421842,1244274,0.0573832007900001
2017-01-01,"Next9",7978247,0.206461645748041,38642756,7720745,3115088,2539736,4157373,3163202,0.0573832007900001
2017-01-01,"RemainingTop1",6402008,0.368442528274562,17375866,2858980,2807814,655010,2003922,2164502,0.0573832007900001
2017-01-01,"TopPt1",5220934,0.450406129810741,11591614,943415,2695868,102468,1074222,1552714,0.0573832007900001
2017-04-01,"Bottom50",152681,0.0260975496359563,5850396,2860152,143622,4559523,467920,60640,0.0296863229239999
2017-04-01,"Next40",2733162,0.0826218616096016,33080373,11230726,1478542,6281189,3413150,1282504,0.0296863229239999
2017-04-01,"Next9",8235112,0.208745445780039,39450499,7874620,3305708,2569580,4150872,3189523,0.0296863229239999
2017-04-01,"RemainingTop1",6651963,0.374634965418725,17755852,2908964,2887285,663523,1951769,2232860,0.0296863229239999
2017-04-01,"TopPt1",5343564,0.450178131419606,11869888,964672,2869942,105607,1034290,1582150,0.0296863229239999
2017-07-01,"Bottom50",156278,0.0262218536812578,5959838,2925696,148128,4620444,472674,59000,0.0460476226159998
2017-07-01,"Next40",2793958,0.0831480701605273,33602199,11477855,1482211,6336681,3466859,1253732,0.0460476226159998
2017-07-01,"Next9",8519273,0.212211581842544,40145184,8004488,3355027,2593569,4215338,3066109,0.0460476226159998
2017-07-01,"RemainingTop1",6922550,0.383352546508538,18057921,2954910,2875787,667201,1936593,2206294,0.0460476226159998
2017-07-01,"TopPt1",5484340,0.456404238570774,12016409,982927,2908965,108769,1026177,1529344,0.0460476226159998
2017-10-01,"Bottom50",166262,0.0273503885448883,6078963,2980155,152973,4686169,483265,57954,0.0656828742719997
2017-10-01,"Next40",2910344,0.0850255781340763,34229041,11683409,1498408,6409854,3557588,1254592,0.0656828742719997
2017-10-01,"Next9",9006987,0.218945862269703,41137964,8098818,3445259,2629912,4315229,2990594,0.0656828742719997
2017-10-01,"RemainingTop1",7341061,0.395077454396272,18581321,2988659,2888789,675654,1940237,2256242,0.0656828742719997
2017-10-01,"TopPt1",5770566,0.466358862292967,12373660,995496,2987027,112383,1034015,1508522,0.0656828742719997
2018-01-01,"Bottom50",160157,0.0259144622268118,6180217,3038526,157640,4703350,502124,57486,-0.00653928867999998
2018-01-01,"Next40",2885829,0.0832370085246266,34670023,11960922,1504035,6422226,3685315,1285139,-0.00653928867999998
2018-01-01,"Next9",8989686,0.216326289384611,41556142,8294511,3502343,2642830,4421989,3000782,-0.00653928867999998
2018-01-01,"RemainingTop1",7395531,0.395085193911199,18718826,3056513,2880111,680137,1946763,2305038,-0.00653928867999998
2018-01-01,"TopPt1",5690988,0.460043210686412,12370551,1018934,3033310,114941,1043802,1523418,-0.00653928867999998
2018-04-01,"Bottom50",159411,0.0253271810854284,6294068,3119383,162510,4740170,499757,57366,0.0344157419179998
2018-04-01,"Next40",2908443,0.0831088763905472,34995576,12096046,1516287,6478730,3694209,1345030,0.0344157419179998
2018-04-01,"Next9",9144449,0.217016469089487,42137120,8418614,3581697,2666235,4442946,3079046,0.0344157419179998
2018-04-01,"RemainingTop1",7575388,0.399677256700952,18953763,3095071,2884175,686729,1909100,2383134,0.0344157419179998
2018-04-01,"TopPt1",5734135,0.459547102709485,12477796,1033082,3100854,117691,1015400,1569772,0.0344157419179998
2018-07-01,"Bottom50",166946,0.0261285920631972,6389399,3171718,167308,4805859,493137,57284,0.0682445623999999
2018-07-01,"Next40",3002360,0.0845185721508383,35523080,12315852,1522731,6545819,3673021,1435144,0.0682445623999999
2018-07-01,"Next9",9560524,0.222256974447265,43015631,8534452,3642986,2695647,4428994,3225448,0.0682445623999999
2018-07-01,"RemainingTop1",7944630,0.409989406866582,19377647,3133539,2876215,690919,1853153,2492776,0.0682445623999999
2018-07-01,"TopPt1",5964872,0.467690369942788,12753891,1045363,3151063,121532,970966,1647524,0.0682445623999999
2018-10-01,"Bottom50",119922,0.0187990680884244,6379146,3206978,171862,4849301,506829,56468,-0.150410521675
2018-10-01,"Next40",2627872,0.0755891741135314,34765190,12082600,1515441,6610363,3793255,1517845,-0.150410521675
2018-10-01,"Next9",8276230,0.199469381842862,41491230,8363454,3659911,2710880,4574370,3341264,-0.150410521675
2018-10-01,"RemainingTop1",7089547,0.384562522144948,18435356,3072808,2840581,697984,1882563,2611513,-0.150410521675
2018-10-01,"TopPt1",4965058,0.421983045573722,11766013,1025004,3158732,123815,999637,1709919,-0.150410521675
2019-01-01,"Bottom50",155434,0.0240391731157929,6465863,3165476,176921,4851547,523334,55422,0.13309092794
2019-01-01,"Next40",2962844,0.0832447786648385,35591950,11976395,1528616,6601131,3924855,1605232,0.13309092794
2019-01-01,"Next9",9573167,0.21948881298357,43615740,8427304,3744741,2705413,4719225,3477464,0.13309092794
2019-01-01,"RemainingTop1",8096548,0.412956026424133,19606320,3088197,2845305,694956,1911604,2710952,0.13309092794
2019-01-01,"TopPt1",5829494,0.456047091301355,12782658,1022593,3231460,126724,1028351,1776990,0.13309092794
2019-04-01,"Bottom50",159578,0.0242109789168554,6591142,3246359,182468,4913375,516149,53844,0.0353986779240001
2019-04-01,"Next40",3027552,0.0830561185808668,36451884,12469758,1562752,6666455,3896528,1719086,0.0353986779240001
2019-04-01,"Next9",9890727,0.221419938028913,44669541,8737903,3900210,2727014,4689991,3676890,0.0353986779240001
2019-04-01,"RemainingTop1",8398303,0.418263365231197,20078983,3193913,2891266,703603,1847659,2827390,0.0353986779240001
2019-04-01,"TopPt1",5985360,0.456973686159424,13097822,1054126,3372030,129057,975082,1872531,0.0353986779240001
2019-07-01,"Bottom50",151594,0.0223654955790989,6778030,3405385,187496,4981455,519460,52916,0.000395807534999904
2019-07-01,"Next40",2990289,0.0816215125870591,36636040,12444682,1569994,6727201,3961315,1763296,0.000395807534999904
2019-07-01,"Next9",9837837,0.21915703474327,44889442,8670028,3967601,2749997,4804622,3725668,0.000395807534999904
2019-07-01,"RemainingTop1",8435882,0.419351649221855,20116487,3161210,2883594,707932,1866001,2846164,0.000395807534999904
2019-07-01,"TopPt1",5871027,0.450770186960125,13024435,1047773,3428162,132813,995019,1888060,0.000395807534999904
2019-10-01,"Bottom50",185908,0.0270477337767865,6873330,3384613,184899,5007445,548209,54472,0.0895686601929999
2019-10-01,"Next40",3238426,0.0863546070242285,37501485,12399766,1598634,6800621,4149380,1741284,0.0895686601929999
2019-10-01,"Next9",10605873,0.231545573860353,45804689,8616458,3955237,2786170,4960691,3649360,0.0895686601929999
2019-10-01,"RemainingTop1",8813450,0.428599161636124,20563386,3114259,2908589,717413,1933245,2723736,0.0895686601929999
2019-10-01,"TopPt1",6411436,0.469066608489097,13668498,1056747,3417054,138028,1089579,1849858,0.0895686601929999
2020-01-01,"Bottom50",118210,0.017183546764875,6879255,3467591,182579,4984739,582177,57050,-0.205178716205
2020-01-01,"Next40",2612660,0.0700286339934813,37308453,12875461,1640851,6806396,4400155,1781808,-0.205178716205
2020-01-01,"Next9",8201462,0.189473692478764,43285492,8895425,3988044,2802979,5243495,3775919,-0.205178716205
2020-01-01,"RemainingTop1",6916125,0.368444394722753,18771150,3171257,2960522,730277,2075346,2590113,-0.205178716205
2020-01-01,"TopPt1",4662958,0.381862021191035,12211107,1100480,3449473,140521,1260620,1908092,-0.205178716205
2020-04-01,"Bottom50",184020,0.0257180387822211,7155289,3546933,180105,4948326,641922,59398,0.2286574424
2020-04-01,"Next40",3142471,0.0802736876491208,39146962,13150615,1675063,6817460,4781464,1643130,0.2286574424
2020-04-01,"Next9",9996092,0.218211803473395,45809126,9056514,3994373,2816031,5581343,3469055,0.2286574424
2020-04-01,"RemainingTop1",8050002,0.399413809523124,20154541,3179369,2996789,730958,2238395,2397145,0.2286574424
2020-04-01,"TopPt1",5939841,0.434178210219805,13680652,1129223,3456581,144953,1445328,1777358,0.2286574424
2020-07-01,"Bottom50",223092,0.0301015366231854,7411316,3657311,178202,5006191,659936,57236,0.0974849544559999
2020-07-01,"Next40",3442821,0.0846444313877575,40673922,13728449,1739968,6914762,4879124,1596862,0.0974849544559999
2020-07-01,"Next9",10959197,0.231621676600956,47315075,9412603,4101391,2890226,5596552,3327550,0.0974849544559999
2020-07-01,"RemainingTop1",8588768,0.411487070793115,20872510,3254777,3093433,738060,2226416,2253630,0.0974849544559999
2020-07-01,"TopPt1",6618150,0.455212832281328,14538584,1183001,3560691,151880,1459898,1692038,0.0974849544559999
2020-10-01,"Bottom50",289712,0.0374236057862223,7741424,3773652,176202,5041021,704100,58188,0.15209181152
2020-10-01,"Next40",3983705,0.0931938120528079,42746454,14221357,1801550,7024362,5137746,1637338,0.15209181152
2020-10-01,"Next9",12790650,0.255288525042611,50102722,9739985,4196934,2984924,5761449,3412628,0.15209181152
2020-10-01,"RemainingTop1",9753084,0.436012390996165,22368823,3316663,3183531,746798,2294599,2209138,0.15209181152
2020-10-01,"TopPt1",7921069,0.490501439693711,16148921,1235491,3654024,160321,1547635,1731834,0.15209181152
2021-01-01,"Bottom50",332647,0.0414934224255603,8016861,3887400,174128,5054891,759309,54452,0.059845548428
2021-01-01,"Next40",4321991,0.0970403528845429,44538080,14994158,1860448,7084354,5479960,1402642,0.059845548428
2021-01-01,"Next9",13888439,0.268030549344711,51816627,10272121,4283172,3048083,6036574,2919953,0.059845548428
2021-01-01,"RemainingTop1",10394060,0.446886604060195,23258831,3443291,3268401,752886,2424627,1893681,0.059845548428
2021-01-01,"TopPt1",8695578,0.50636701825438,17172481,1308873,3738649,167062,1696976,1505977,0.059845548428
2021-04-01,"Bottom50",378402,0.0448660056079839,8434047,4117022,172735,5259383,768313,54259,0.0814910688999999
2021-04-01,"Next40",4685967,0.0995119885820763,47089472,16412003,1968473,7385240,5536055,1377261,0.0814910688999999
2021-04-01,"Next9",15078185,0.277421121364805,54351251,11190432,4529475,3216733,6049046,2884517,0.0814910688999999
2021-04-01,"RemainingTop1",11103126,0.45401974658846,24455161,3686390,3449451,766347,2417651,1828288,0.0814910688999999
2021-04-01,"TopPt1",9536672,0.516349462955349,18469414,1431021,3978126,179313,1720036,1491994,0.0814910688999999
2021-07-01,"Bottom50",392666,0.0451738694568059,8692326,4268715,171215,5362075,781432,56064,-0.00270657423999987
2021-07-01,"Next40",4781703,0.0985472873143463,48521914,17233706,2078893,7522922,5611039,1438121,-0.00270657423999987
2021-07-01,"Next9",15299570,0.276514605686048,55330061,11724936,4783214,3286307,6066310,3029015,-0.00270657423999987
2021-07-01,"RemainingTop1",11125000,0.448162286875669,24823597,3805217,3635254,781349,2413222,1841848,-0.00270657423999987
2021-07-01,"TopPt1",9678918,0.508100782557428,19049209,1511220,4225522,184791,1742542,1557398,-0.00270657423999987
2021-10-01,"Bottom50",424660,0.0474122868227873,8956750,4359171,169172,5461925,816946,52471,0.0833497744579999
2021-10-01,"Next40",5030567,0.100927145074022,49843548,17503085,2153479,7685154,5835958,1337850,0.0833497744579999
2021-10-01,"Next9",16073462,0.283813074530371,56633973,11948266,4918797,3364428,6243002,2798981,0.0833497744579999
2021-10-01,"RemainingTop1",11543570,0.453714592514216,25442360,3822474,3751001,803361,2493994,1628038,0.0833497744579999
2021-10-01,"TopPt1",10220381,0.514092991931304,19880413,1554960,4359093,190664,1846967,1453926,0.0833497744579999
2022-01-01,"Bottom50",408226,0.044298999418572,9215242,4560697,167042,5562476,838691,54902,-0.0547517820160001
2022-01-01,"Next40",4864043,0.0950614842433563,51167337,18849972,2223352,7797145,5965520,1436192,-0.0547517820160001
2022-01-01,"Next9",15356713,0.272123339227175,56432914,12830549,5038361,3404035,6313193,3038570,-0.0547517820160001
2022-01-01,"RemainingTop1",10906361,0.434321777581248,25111246,4043286,3857721,820458,2518854,1620082,-0.0547517820160001
2022-01-01,"TopPt1",9687847,0.490450641549743,19752950,1681092,4477523,193306,1895732,1561338,-0.0547517820160001
2022-04-01,"Bottom50",334031,0.0356482670733749,9370189,4822844,165121,5656212,835469,57410,-0.17301693496
2022-04-01,"Next40",4188338,0.0818105423089471,51195578,19952278,2319707,7962104,5955802,1533896,-0.17301693496
2022-04-01,"Next9",12842528,0.238139660183002,53928556,13504597,5244191,3473530,6286356,3208833,-0.17301693496
2022-04-01,"RemainingTop1",9000966,0.384560970148326,23405823,4191087,4016522,831929,2494520,1699788,-0.17301693496
2022-04-01,"TopPt1",7874143,0.429962560518698,18313555,1788651,4680164,199940,1903941,1636760,-0.17301693496
2022-07-01,"Bottom50",321646,0.0345333457876095,9314070,4763174,162499,5720986,827375,61816,-0.0440881130740001
2022-07-01,"Next40",4048671,0.0804018464893809,50355448,19278249,2340801,8101553,5920273,1739699,-0.0440881130740001
2022-07-01,"Next9",12251747,0.233136696774499,52551774,13115761,5203042,3557241,6244260,3586443,-0.0440881130740001
2022-07-01,"RemainingTop1",8467726,0.372311279712824,22743673,4019635,4028392,838292,2462696,1891032,-0.0440881130740001
2022-07-01,"TopPt1",7444246,0.415134209001122,17932143,1744638,4643157,208630,1906529,1813774,-0.0440881130740001
2022-10-01,"Bottom50",340863,0.0368482096517763,9250463,4651522,162424,5770678,809181,65602,0.05664236405
2022-10-01,"Next40",4222961,0.0840236163656754,50259215,18833315,2297287,8199261,5830722,2063356,0.05664236405
2022-10-01,"Next9",12859336,0.242334955673122,53064305,12826520,5055626,3594527,6205582,4219810,0.05664236405
2022-10-01,"RemainingTop1",8896593,0.383817203709612,23179245,3933013,3942149,839854,2441643,2222510,0.05664236405
2022-10-01,"TopPt1",7872520,0.429000361672679,18350847,1711481,4498907,211956,1895024,2130982,0.05664236405
2023-01-01,"Bottom50",365101,0.0390607723398708,9346999,4681835,162658,5742838,791558,65956,0.0644610205039999
2023-01-01,"Next40",4441737,0.0871173862530549,50985655,18966595,2274533,8217585,5763915,2288448,0.0644610205039999
2023-01-01,"Next9",13623744,0.250267420466315,54436746,12887879,4973830,3630786,6227482,4666696,0.0644610205039999
2023-01-01,"RemainingTop1",9436319,0.395028510708716,23887691,3952503,3895995,825270,2453529,2446321,0.0644610205039999
2023-01-01,"TopPt1",8412443,0.443172891806343,18982305,1720733,4418095,216698,1924030,2369384,0.0644610205039999
2023-04-01,"Bottom50",389705,0.0411297632129648,9475012,4736018,163124,5772737,783681,65972,0.074842601768
2023-04-01,"Next40",4659421,0.0879055463180375,53004858,20426545,2307737,8287514,5737355,2304248,0.074842601768
2023-04-01,"Next9",14391598,0.255222520547787,56388433,13576032,5079282,3681025,6249604,4699909,0.074842601768
2023-04-01,"RemainingTop1",9979180,0.402370795802017,24800955,4173662,3960228,822817,2466706,2460829,0.074842601768
2023-04-01,"TopPt1",8959439,0.45332969499981,19763627,1801831,4520125,220522,1947714,2386970,0.074842601768
2023-07-01,"Bottom50",373598,0.0394976456168955,9458741,4757359,163074,5803700,776173,65201,-0.0449624896119999
2023-07-01,"Next40",4517288,0.085214847890536,53010574,20720881,2309427,8359720,5711550,2314348,-0.0449624896119999
2023-07-01,"Next9",13889615,0.247886127700767,56032240,13693264,5085921,3737813,6272119,4693952,-0.0449624896119999
2023-07-01,"RemainingTop1",9624226,0.392969746858133,24491010,4212012,3963783,824019,2481752,2500476,-0.0449624896119999
2023-07-01,"TopPt1",8601446,0.442395059545365,19442907,1817052,4526772,223860,1974546,2388344,-0.0449624896119999
2023-10-01,"Bottom50",414937,0.0435273956867557,9532778,4713638,162658,5840630,782411,64472,0.1056461858
2023-10-01,"Next40",4880032,0.0908061700303867,53741194,20466980,2261035,8427842,5766962,2455066,0.1056461858
2023-10-01,"Next9",15174220,0.262743493708143,57752981,13623145,4927684,3780207,6361159,4992974,0.1056461858
2023-10-01,"RemainingTop1",10532906,0.413033562325293,25501332,4188040,3869149,824943,2530680,2618713,0.1056461858
2023-10-01,"TopPt1",9519763,0.467513968432494,20362521,1804746,4372872,227053,2031074,2552812,0.1056461858
2024-01-01,"Bottom50",456166,0.0471328885924639,9678295,4736817,162967,5846097,797738,65030,0.0884278211239999
2024-01-01,"Next40",5242011,0.0949768529284707,55192511,21079039,2247124,8442199,5867272,2416098,0.0884278211239999
2024-01-01,"Next9",16455789,0.275360733293563,59760841,13929422,4874832,3810296,6462782,4910861,0.0884278211239999
2024-01-01,"RemainingTop1",11439408,0.430102669015409,26596924,4285813,3840295,828364,2581851,2586990,0.0884278211239999
2024-01-01,"TopPt1",10435703,0.489708324311763,21310038,1840388,4320215,228939,2080069,2506032,0.0884278211239999
2024-04-01,"Bottom50",465518,0.0478064270919586,9737561,4778282,163497,5876132,781000,64404,0.0226405733999999
2024-04-01,"Next40",5325501,0.0944093908811129,56408594,22093588,2269465,8505893,5776568,2480321,0.0226405733999999
2024-04-01,"Next9",16749033,0.275659928057328,60759767,14394803,4942056,3856957,6407081,5038129,0.0226405733999999
2024-04-01,"RemainingTop1",11646606,0.430878603661922,27029901,4435806,3882678,828338,2552777,2652588,0.0226405733999999
2024-04-01,"TopPt1",10643805,0.491407097333814,21659852,1895883,4384604,231920,2058924,2578034,0.0226405733999999
2024-07-01,"Bottom50",501798,0.0510578105330505,9828036,4778825,163815,5936946,783941,63764,0.0460835974400002
2024-07-01,"Next40",5639534,0.0989385420709952,57000375,21915567,2280197,8562850,5812503,2606502,0.0460835974400002
2024-07-01,"Next9",17868482,0.286293843670762,62413085,14321738,4973275,3889931,6481446,5325054,0.0460835974400002
2024-07-01,"RemainingTop1",12439162,0.444669995815388,27973918,4411847,3902798,826749,2593888,2738084,0.0460835974400002
2024-07-01,"TopPt1",11448687,0.505944692267929,22628337,1887532,4414308,233700,2108960,2735175,0.0460835974400002
2024-10-01,"Bottom50",507312,0.051271898055322,9894543,4789500,164135,5902795,801194,62260,0.0208312433000002
2024-10-01,"Next40",5688708,0.0997937221562276,57004668,21680160,2292030,8546517,5941836,2494566,0.0208312433000002
2024-10-01,"Next9",18041294,0.288285665106265,62581308,14207810,5008200,3919313,6656293,5008507,0.0208312433000002
2024-10-01,"RemainingTop1",12561276,0.445625626575207,28187957,4375124,3925093,784452,2689598,2728479,0.0208312433000002
2024-10-01,"TopPt1",11571386,0.507380871638193,22806114,1875703,4447634,234475,2215801,2570611,0.0208312433000002
2025-01-01,"Bottom50",488255,0.0494092505313274,9881854,4751799,165097,5897359,819076,63131,-0.06116958352
2025-01-01,"Next40",5534483,0.0967487546258222,57204695,21945947,2289315,8561180,6061043,2507612,-0.06116958352
2025-01-01,"Next9",17473005,0.280728828577078,62241577,14447305,4982361,3926956,6779349,5046138,-0.06116958352
2025-01-01,"RemainingTop1",12157182,0.436014291528986,27882531,4448430,3915983,767449,2749183,2734200,-0.06116958352
2025-01-01,"TopPt1",11151199,0.496229682914402,22471850,1897071,4419617,233081,2271687,2587937,-0.06116958352
2025-04-01,"Bottom50",539685,0.0536063142980765,10067564,4784218,166013,5927065,820039,62470,0.102803140656
2025-04-01,"Next40",5983890,0.101603650558587,58894439,22585469,2290972,8633723,6076093,2578539,0.102803140656
2025-04-01,"Next9",19067740,0.294436052459869,64760208,14778583,4972248,3973961,6807695,5187164,0.102803140656
2025-04-01,"RemainingTop1",13285543,0.45391624707751,29268710,4553703,3915744,763477,2759469,2807016,0.102803140656
2025-04-01,"TopPt1",12293248,0.518163076662394,23724670,1935968,4407136,233419,2281329,2667759,0.102803140656
2025-07-01,"Bottom50",599169,0.0584726147218474,10247002,4828398,166766,5999640,824399,62390,0.0737716504480002
2025-07-01,"Next40",6494373,0.108823564354189,59678003,22358566,2321065,8710545,6119288,2597618,0.0737716504480002
2025-07-01,"Next9",20895080,0.311595777345351,67058290,14646220,5062147,4030072,6885865,5226728,0.0737716504480002
2025-07-01,"RemainingTop1",14579994,0.474713687782242,30713237,4511510,3972688,766826,2801485,2826919,0.0737716504480002
2025-07-01,"TopPt1",13611854,0.540353510584842,25190646,1925175,4493124,235429,2331059,2689156,0.0737716504480002
2025-10-01,"Bottom50",617061,0.0594456666369949,10380252,4869312,166610,6066948,850124,61425,0.0146087317279999
2025-10-01,"Next40",6644678,0.110677457650412,60036417,22170051,2318929,8789302,6293362,2627434,0.0146087317279999
2025-10-01,"Next9",21438758,0.315911341124133,67863211,14497746,5057523,4088790,7090276,5282350,0.0146087317279999
2025-10-01,"RemainingTop1",14965656,0.479401686792113,31217362,4465448,3969040,771410,2914910,2860128,0.0146087317279999
2025-10-01,"TopPt1",14007688,0.544777016804925,25712700,1913059,4489029,238645,2454143,2722864,0.0146087317279999
